Sensor,Set,Constante_Calibracion_K_old,Error_K_old,N_Paths_old,Constante_Calibracion_K_new,Error_K_new,N_Paths_new,Diff_K,Diff_mK,Abs_Diff_mK,Error_old_mK,Error_new_mK,Error_improvement_%
48956,14.0,0.4372037040756068,0.0023289065939575,4,0.0316747945793611,0.0003370680273704,2,-0.4055289094962457,-405.5289094962457,405.5289094962457,2.3289065939575,0.3370680273704,85.52676916090387
48912,14.0,-0.0626912723890154,0.0017224675813411,4,-0.3487401004073856,0.0002267812616703,3,-0.2860488280183702,-286.0488280183702,286.0488280183702,1.7224675813411,0.2267812616703,86.83393149880186
48857,9.0,0.0445504878990335,0.1074816073266433,4,0.32845324005904,0.0002834290112448,2,0.2839027521600065,283.9027521600065,283.9027521600065,107.4816073266433,0.28342901124479997,99.73629998816128
48913,14.0,-0.0622095836374496,0.0021227360356203,4,-0.3446096961746077,0.0002669543678719,3,-0.2824001125371581,-282.40011253715807,282.40011253715807,2.1227360356203,0.2669543678719,87.42404315033492
48962,14.0,0.3862003236697152,0.0023369102549786,4,0.1043205819043079,0.0002765150232387,3,-0.2818797417654073,-281.8797417654073,281.8797417654073,2.3369102549786,0.2765150232387,88.16749497976627
48914,14.0,-0.0280062879430141,0.0019187652880608,4,-0.3087203555062318,0.0002860738063323,3,-0.2807140675632177,-280.7140675632177,280.7140675632177,1.9187652880608002,0.2860738063323,85.09073474945858
48958,14.0,0.3980664093826657,0.0017529927831282,4,0.1175141288529406,0.0002847970699658,3,-0.2805522805297251,-280.55228052972507,280.55228052972507,1.7529927831282,0.2847970699658,83.75366557655862
48915,14.0,-0.0330158983669496,0.0017364210971546,4,-0.3128056892661883,0.0003004115561099,3,-0.2797897908992387,-279.7897908992387,279.7897908992387,1.7364210971546001,0.3004115561099,82.69938342708623
48959,14.0,0.4498164001315145,0.0019392812887835,4,0.1704920035218177,0.0003034414233723,3,-0.2793243966096968,-279.3243966096968,279.3243966096968,1.9392812887835,0.3034414233723,84.35289273777055
48863,9.0,0.2135129514970988,0.1074796939466544,4,0.0912919628566172,0.0002540906736309,2,-0.12222098864048161,-122.22098864048162,122.22098864048162,107.4796939466544,0.2540906736309,99.76359192671593
55099,27.0,0.4614314529941184,0.0802299340739961,4,0.3909285869336589,0.0002610279619836,3,-0.07050286606045952,-70.50286606045952,70.50286606045952,80.2299340739961,0.26102796198359995,99.67465016019725
49260,25.0,0.0465264067759516,31.381902803789767,4,-0.0147673220302371,0.0002296820523554,4,-0.061293728806188705,-61.2937288061887,61.2937288061887,31381.902803789766,0.2296820523554,99.99926810667348
48861,9.0,0.1119715645860812,0.1074806643745103,4,0.1711223828511836,0.000193498452376,4,0.05915081826510242,59.15081826510242,59.15081826510242,107.4806643745103,0.193498452376,99.81996905815379
48860,9.0,0.1383677626528467,0.1074775926433812,4,0.1973264088328419,0.0001921978732143,4,0.05895864617999519,58.95864617999519,58.95864617999519,107.4775926433812,0.1921978732143,99.82117400614653
48859,9.0,9.188822916400687e-05,0.107478514985894,4,0.0588026326134168,0.0001922306434984,4,0.05871074438425279,58.71074438425279,58.71074438425279,107.47851498589401,0.1922306434984,99.82114505068886
48862,9.0,0.105248890365593,0.1074788454624972,4,0.1636178658681573,0.0001895169099656,4,0.0583689755025643,58.3689755025643,58.3689755025643,107.47884546249719,0.1895169099656,99.82367050078544
48858,9.0,0.1127777622564342,0.1074775315031179,4,0.1708526167894571,0.0001886345050175,4,0.0580748545330229,58.0748545330229,58.0748545330229,107.4775315031179,0.1886345050175,99.82448935849256
48856,9.0,0.0646198614771135,0.1074781413424587,4,0.1213366530667078,0.0001829323916869,4,0.05671679158959429,56.716791589594294,56.716791589594294,107.4781413424587,0.1829323916869,99.82979572459853
48855,9.0,0.2548692900644697,0.1074786782539894,4,0.3115721292279694,0.0001825251652793,4,0.05670283916349972,56.70283916349972,56.70283916349972,107.47867825398939,0.1825251652793,99.83017546526953
48854,9.0,0.0541283679289265,0.1074793906875345,4,0.1100931434358777,0.0001798144058622,4,0.0559647755069512,55.9647755069512,55.9647755069512,107.47939068753449,0.17981440586220002,99.83269871115574
48853,9.0,0.0786640655823732,0.1074790426317709,4,0.1343750425045201,0.0001788969728412,4,0.055710976922146896,55.7109769221469,55.7109769221469,107.4790426317709,0.17889697284119999,99.83355176184988
48852,9.0,0.0373284425967853,0.1074799168438835,4,0.0881593869641774,0.0001635119907021,4,0.0508309443673921,50.8309443673921,50.8309443673921,107.4799168438835,0.1635119907021,99.84786740118193
48869,10.0,-0.0758066002312277,0.0045852343920833,4,-0.0373350431146755,0.0003111036897957,2,0.03847155711655221,38.47155711655221,38.47155711655221,4.585234392083301,0.3111036897957,93.21509734959591
48884,11.0,0.3594744007917631,0.0336695418956275,4,0.3925473418282055,0.0003017320586175,2,0.03307294103644237,33.07294103644237,33.07294103644237,33.6695418956275,0.30173205861749997,99.10384269690144
48877,11.0,0.4484641809029779,0.0336665728672045,4,0.4765651030896614,0.0002030627453962,4,0.028100922186683475,28.100922186683476,28.100922186683476,33.6665728672045,0.2030627453962,99.39684165003321
48876,11.0,-0.1108279580940867,0.0336716659106538,4,-0.0827286715574989,0.0001899215683127,4,0.028099286536587803,28.099286536587805,28.099286536587805,33.6716659106538,0.1899215683127,99.43596028537274
48879,11.0,-0.0283193631958817,0.0336491330085101,4,-0.0005218161257679,0.0002102983121919,4,0.0277975470701138,27.7975470701138,27.7975470701138,33.6491330085101,0.2102983121919,99.37502606043753
48880,11.0,0.4349018340348615,0.0336683984601106,4,0.4626274617648531,0.0002131078341348,4,0.027725627729991598,27.725627729991597,27.725627729991597,33.668398460110595,0.2131078341348,99.36703899240327
48885,11.0,0.3678404938257362,0.0336601987336284,4,0.3955587352892544,0.0002212927574574,4,0.0277182414635182,27.7182414635182,27.7182414635182,33.660198733628405,0.22129275745739999,99.34256847617387
48878,11.0,0.4137034712941272,0.0336568317206118,4,0.4413335949138344,0.0002092004391548,4,0.02763012361970718,27.63012361970718,27.63012361970718,33.6568317206118,0.2092004391548,99.37843097980407
48881,11.0,-0.076515631295123,0.0336626117633993,4,-0.048982057641664,0.0002174403616851,4,0.027533573653458994,27.533573653458994,27.533573653458994,33.6626117633993,0.2174403616851,99.3540597407789
48886,11.0,0.4801240459426739,0.0336503572303162,4,0.507606658139375,0.0002187694147498,4,0.027482612196701117,27.48261219670112,27.48261219670112,33.6503572303162,0.2187694147498,99.34987491142381
48882,11.0,0.3987882579096474,0.0336928798243124,4,0.4261142679590088,0.00022081522843,4,0.027326010049361416,27.326010049361415,27.326010049361415,33.6928798243124,0.22081522843,99.34462346471594
48883,11.0,0.4847634939157393,0.0336717036814263,4,0.5118779144176149,0.0002188957394191,4,0.02711442050187557,27.114420501875568,27.114420501875568,33.6717036814263,0.21889573941909998,99.34991189786501
48867,10.0,0.0230925695356902,0.0023527916962991,4,0.0498752296803082,0.000250599723565,3,0.026782660144617998,26.782660144618,26.782660144618,2.3527916962991,0.25059972356500004,89.34883508985563
48864,10.0,-0.0273603882476557,0.0031651625245913,4,-0.0009118813939313,0.0002207971860591,3,0.0264485068537244,26.4485068537244,26.4485068537244,3.1651625245913,0.22079718605909998,93.02414380482372
48874,10.0,-0.0780643822247156,0.0025382615121012,4,-0.0516485679582987,0.0002512613578233,3,0.026415814266416898,26.4158142664169,26.4158142664169,2.5382615121012,0.2512613578233,90.10104527743073
48868,10.0,-0.0513722120176592,0.0023725357930251,4,-0.0250554685844286,0.0002507254847971,3,0.0263167434332306,26.316743433230602,26.316743433230602,2.3725357930251,0.2507254847971,89.43217271856571
48873,10.0,0.4388789879726137,0.0023539426503249,4,0.4651547899414117,0.0002531461460184,3,0.026275801968797974,26.275801968797975,26.275801968797975,2.3539426503249,0.2531461460184,89.24586603741345
48866,10.0,0.4072688379432467,0.0041569081794382,4,0.4335421066757761,0.000247640581847,3,0.026273268732529387,26.273268732529388,26.273268732529388,4.156908179438201,0.24764058184699997,94.04267375757941
48870,10.0,0.4571841586918618,0.0027964906470413,4,0.48328526660689,0.0002546927581583,3,0.026101107915028177,26.101107915028177,26.101107915028177,2.7964906470413,0.2546927581583,90.89241516227612
48865,10.0,-0.0881867121761776,0.0025200076220578,4,-0.0621701960944316,0.0002369754802226,3,0.026016516081746002,26.016516081746,26.016516081746,2.5200076220578,0.23697548022259998,90.5962395451372
48871,10.0,0.4403595771647756,0.0023653382812727,4,0.4659530110875937,0.0002508139100071,3,0.0255934339228181,25.5934339228181,25.5934339228181,2.3653382812726997,0.2508139100071,89.39627739537761
48872,10.0,0.4012350832094611,0.0028844057512107,4,0.4259567638528144,0.0002563208276831,3,0.024721680643353283,24.721680643353285,24.721680643353285,2.8844057512107,0.2563208276831,91.11356550389931
55263,29.0,0.4972120066003879,0.0160916774777411,4,0.4753387446153349,0.0003222183985707,2,-0.021873261985053016,-21.873261985053016,21.873261985053016,16.091677477741097,0.32221839857069995,97.99760839715803
48887,11.0,0.3637113291012087,0.0337005873514649,4,0.3852616339804487,0.0003076042761224,2,0.021550304879240034,21.550304879240034,21.550304879240034,33.700587351464904,0.3076042761224,99.08724357556626
48524,15.0,-0.1046848483477998,0.0390419210424572,4,-0.0848066823769986,0.0002172745816634,4,0.019878165970801207,19.878165970801206,19.878165970801206,39.0419210424572,0.2172745816634,99.44348388639196
48522,15.0,0.0044145317610857,0.0390476676445396,4,0.0242781016535649,0.0002184480215143,4,0.0198635698924792,19.863569892479198,19.863569892479198,39.0476676445396,0.21844802151429998,99.4405606411556
48523,15.0,-0.0331480038932394,0.0390442737910903,4,-0.01340295597422,0.0002143602388361,4,0.019745047919019404,19.745047919019402,19.745047919019402,39.044273791090305,0.21436023883609998,99.45098162157387
48518,15.0,-0.1176341742459005,0.0390474565146461,4,-0.097932033058451,0.0002162502793271,4,0.019702141187449507,19.702141187449506,19.702141187449506,39.0474565146461,0.2162502793271,99.44618600382849
55177,29.0,0.4518467572457817,0.0160733813166271,4,0.4321892421474607,0.0002423470948496,4,-0.019657515098321032,-19.65751509832103,19.65751509832103,16.0733813166271,0.24234709484960001,98.49224571933159
48517,15.0,0.0043515593779376,0.0390414238189832,4,0.0239384427934949,0.0002130365569413,4,0.0195868834155573,19.5868834155573,19.5868834155573,39.0414238189832,0.2130365569413,99.4543319989326
48521,15.0,-0.0659835422833121,0.0390534516850913,4,-0.0464758444773642,0.0003189740775347,2,0.019507697805947903,19.507697805947902,19.507697805947902,39.0534516850913,0.3189740775347,99.1832371691323
55262,29.0,0.5715304537545607,0.0160970127602572,4,0.5520776452681551,0.000232455089433,4,-0.019452808486405626,-19.452808486405626,19.452808486405626,16.097012760257197,0.232455089433,98.55591162847979
55192,29.0,0.4900367215121548,0.0160794532782088,4,0.4705917405561525,0.0002359589964765,4,-0.019444980956002333,-19.444980956002333,19.444980956002333,16.0794532782088,0.2359589964765,98.53254341180694
55265,29.0,0.5050276141180663,0.016066858819794,4,0.4856166104013717,0.0002350152990544,4,-0.019411003716694575,-19.411003716694573,19.411003716694573,16.066858819794,0.2350152990544,98.53726666991766
55258,29.0,0.5099626803680878,0.0160672023573736,4,0.4905556077082668,0.0002333891954206,4,-0.019407072659821,-19.407072659821,19.407072659821,16.0672023573736,0.2333891954206,98.54741858458331
48516,15.0,-0.1312027744636389,0.0390428259795687,4,-0.1118091070694897,0.0001924425818629,4,0.019393667394149203,19.3936673941492,19.3936673941492,39.0428259795687,0.1924425818629,99.50709873828394
55184,29.0,0.5947014810392905,0.0160692279813799,4,0.5753167735948143,0.0002352910897493,4,-0.01938470744447629,-19.38470744447629,19.38470744447629,16.0692279813799,0.2352910897493,98.53576606155603
55176,29.0,0.5070575925461052,0.0160789044270957,4,0.4877291346174703,0.0002315756275455,4,-0.019328457928634857,-19.328457928634858,19.328457928634858,16.0789044270957,0.2315756275455,98.5597549348247
55185,29.0,0.5121637097189908,0.0160867036110306,4,0.4929110051194624,0.0002407723372748,4,-0.019252704599528436,-19.252704599528435,19.252704599528435,16.086703611030597,0.24077233727480002,98.50328356202385
55178,29.0,0.5291152574220034,0.016095288049845,4,0.5098997367084191,0.0002289238863363,4,-0.019215520713584233,-19.215520713584233,19.215520713584233,16.095288049845,0.2289238863363,98.5776962448429
48964,15.0,0.3877379007853487,0.039067481660615,4,0.4067737610624425,0.0003221571351138,2,0.019035860277093808,19.035860277093807,19.035860277093807,39.067481660615,0.32215713511379995,99.17538289794969
48525,15.0,-0.1195512993068578,0.0390485860151997,4,-0.1006328097791638,0.0002152682595678,4,0.018918489527693996,18.918489527693996,18.918489527693996,39.048586015199696,0.2152682595678,99.44871688955905
48519,15.0,-0.0533597726714002,0.0390506028321031,4,-0.0344473312530155,0.0002174467547217,4,0.018912441418384697,18.9124414183847,18.9124414183847,39.050602832103095,0.2174467547217,99.44316671459183
55264,29.0,0.4371770955142936,0.0160794032078237,4,0.4200098656665015,0.0003242593332483,2,-0.01716722984779212,-17.16722984779212,17.16722984779212,16.0794032078237,0.32425933324830003,97.98338701345256
55074,27.0,0.4164057274134223,0.0280278311866056,4,0.4000826217031169,0.0002594050445476,3,-0.016323105710305374,-16.323105710305374,16.323105710305374,28.0278311866056,0.25940504454760005,99.07447335892486
55181,31.0,0.4812628439696439,0.0120448789170503,4,0.4658300995562293,0.000264335404088,4,-0.015432744413414634,-15.432744413414634,15.432744413414634,12.044878917050301,0.26433540408800005,97.80541252503737
55259,31.0,0.4396569074353026,0.0121108352640086,4,0.4247450947511786,0.0002687560532186,4,-0.014911812684124004,-14.911812684124005,14.911812684124005,12.1108352640086,0.26875605321859997,97.78086277816611
55187,31.0,0.4474316100840156,0.0120843296949099,4,0.4325362194597288,0.0002689132992928,4,-0.014895390624286797,-14.895390624286797,14.895390624286797,12.0843296949099,0.2689132992928,97.77469411972375
55180,31.0,0.582637201246109,0.0120325477123212,4,0.5677990320393123,0.0002646524172067,4,-0.014838169206796703,-14.838169206796703,14.838169206796703,12.0325477123212,0.2646524172067,97.8005288361691
55261,31.0,0.4004592488885096,0.0121473560465667,4,0.3857365878752096,0.0002683416701309,4,-0.014722661013299998,-14.722661013299998,14.722661013299998,12.1473560465667,0.2683416701309,97.79094587248272
55179,31.0,0.5065698285890703,0.0120599985868579,4,0.4921335789596194,0.0002578034228195,4,-0.014436249629450892,-14.436249629450892,14.436249629450892,12.0599985868579,0.25780342281949997,97.86232626013376
55183,31.0,0.5197610682154779,0.0120366623596835,4,0.5053538522323993,0.0002654835410749,4,-0.014407215983078592,-14.407215983078592,14.407215983078592,12.0366623596835,0.2654835410749,97.7943757734359
55194,31.0,0.4497739809783977,0.0122031549059654,4,0.4355657972879005,0.0003770127941729,2,-0.0142081836904972,-14.2081836904972,14.2081836904972,12.2031549059654,0.3770127941729,96.91053012865876
55260,31.0,0.5794050976324062,0.0120294707302741,4,0.5652095632086226,0.0002658001966416,4,-0.014195534423783629,-14.195534423783629,14.195534423783629,12.0294707302741,0.2658001966416,97.79042484410664
55073,27.0,0.5077182678561497,0.0343840049798485,4,0.4935255016029009,0.0003068343061004,2,-0.014192766253248834,-14.192766253248834,14.192766253248834,34.3840049798485,0.30683430610039997,99.10762487883471
54930,32.0,0.4722957589860989,0.0159491411543872,4,0.4862061976430086,0.0003499717420706,2,0.013910438656909718,13.910438656909719,13.910438656909719,15.9491411543872,0.3499717420706,97.805701644478
55182,31.0,0.6045156258884867,0.0120476029009323,4,0.5906444390685015,0.000264512095138,4,-0.013871186819985226,-13.871186819985226,13.871186819985226,12.0476029009323,0.264512095138,97.80444211754747
55186,31.0,0.7355342650057729,0.0121136243900991,4,0.721750503133909,0.0003699945383653,2,-0.01378376187186392,-13.78376187186392,13.78376187186392,12.113624390099101,0.3699945383653,96.94563306199497
49202,21.0,0.0015059747797076,0.0010644725184169,4,0.0141007562191192,0.0002144413596532,4,0.0125947814394116,12.5947814394116,12.5947814394116,1.0644725184169,0.2144413596532,79.85468333441614
54932,32.0,0.4795535009800969,0.0159389948998368,4,0.4920985403084489,0.0002409171747017,4,0.012545039328351992,12.545039328351992,12.545039328351992,15.9389948998368,0.2409171747017,98.48850460009766
55169,32.0,0.5390136605540612,0.0159283063420038,4,0.5515271393732203,0.0002426573611877,4,0.012513478819159096,12.513478819159097,12.513478819159097,15.9283063420038,0.24265736118769998,98.47656520425025
49194,21.0,-0.0283823059154286,0.0010067739581491,4,-0.015870396930172,0.0002058128121887,4,0.0125119089852566,12.5119089852566,12.5119089852566,1.0067739581491,0.20581281218869998,79.55719746991909
54928,32.0,0.4767773065290897,0.0159467414925994,4,0.4892548928999628,0.0002430801523977,4,0.01247758637087315,12.477586370873151,12.477586370873151,15.946741492599399,0.2430801523977,98.47567509318121
55246,32.0,0.5258814373208134,0.0159370673942193,4,0.5382605445929568,0.0002392203884196,4,0.01237910727214342,12.379107272143418,12.379107272143418,15.937067394219298,0.2392203884196,98.49896858372846
55247,32.0,0.5161078201326739,0.0159305666498095,4,0.5284461094300743,0.0002216134631436,4,0.01233828929740044,12.33828929740044,12.33828929740044,15.930566649809501,0.2216134631436,98.60887896824279
55249,32.0,0.5026049641389053,0.0159249366313173,4,0.5149339653538196,0.0002400500255888,4,0.012329001214914315,12.329001214914314,12.329001214914314,15.924936631317301,0.24005002558879998,98.49261550518996
54929,32.0,0.4851974149658116,0.0159431590649186,4,0.4975090459958714,0.0002440926278548,4,0.012311631030059833,12.311631030059832,12.311631030059832,15.9431590649186,0.24409262785480002,98.46898204514622
55171,32.0,0.5218484243194131,0.015930644766582,4,0.5341467765798524,0.0002345525195037,4,0.012298352260439294,12.298352260439295,12.298352260439295,15.930644766582,0.2345525195037,98.5276646178457
55170,32.0,0.4806206521558977,0.0159441912701171,4,0.4928107693218273,0.0002423493221496,4,0.012190117165929604,12.190117165929603,12.190117165929603,15.944191270117098,0.2423493221496,98.48001495940521
55166,32.0,0.5567077416673596,0.0159367210995296,4,0.5678487542707367,0.0003363509492393,2,0.011141012603377076,11.141012603377076,11.141012603377076,15.936721099529601,0.3363509492393,97.88945952471224
49201,21.0,-0.0049762093783425,0.0010221891052314,4,0.0057044586805133,0.0002152192689611,4,0.0106806680588558,10.6806680588558,10.6806680588558,1.0221891052313998,0.2152192689611,78.94525896826308
49197,21.0,0.0006982061908187,0.0009877378581215,4,0.0110772522586797,0.0002948031505162,2,0.010379046067861001,10.379046067861001,10.379046067861001,0.9877378581215001,0.2948031505162,70.15370545006115
49193,21.0,-0.0613774421727454,0.0010642384298618,4,-0.0510393595969985,0.0002057666757594,4,0.0103380825757469,10.3380825757469,10.3380825757469,1.0642384298618,0.2057666757594,80.66535937946531
49192,21.0,-0.0187437143463502,0.000989238668035,4,-0.0288888726756231,0.0002873604285571,2,-0.010145158329272898,-10.145158329272899,10.145158329272899,0.989238668035,0.2873604285571,70.95135503266306
49195,21.0,-0.004973072830858,0.0010103479581583,4,0.0048428429357701,0.0002099107955974,4,0.0098159157666281,9.8159157666281,9.8159157666281,1.0103479581583001,0.2099107955974,79.22391054463719
55215,28.0,0.4080780129271538,0.0139503825839318,4,0.4167193613418198,0.0003041837429192,2,0.008641348414666017,8.641348414666016,8.641348414666016,13.9503825839318,0.3041837429192,97.81953117709071
55200,28.0,0.394600453249198,0.0139761152212089,4,0.4026351993848598,0.0002228669528068,4,0.008034746135661797,8.034746135661797,8.034746135661797,13.976115221208898,0.2228669528068,98.40537267130857
48911,13.0,-0.0418420864920985,0.1189871516838381,4,-0.0496084612047965,0.0003112479302749,2,-0.007766374712697997,-7.766374712697997,7.766374712697997,118.98715168383809,0.3112479302749,99.73841887475218
55201,28.0,0.4410160140100683,0.0139580305531277,4,0.4487617461308486,0.0002290691736627,4,0.007745732120780335,7.745732120780335,7.745732120780335,13.9580305531277,0.22906917366270002,98.35887181367882
54866,28.0,0.4619147132606337,0.0139473357924178,4,0.4696285211981199,0.0002157665875146,4,0.007713807937486161,7.713807937486161,7.713807937486161,13.9473357924178,0.2157665875146,98.45299065910568
55213,28.0,0.3980315560286489,0.0139898827582004,4,0.4057244350938306,0.0002358291516971,4,0.007692879065181679,7.692879065181679,7.692879065181679,13.9898827582004,0.2358291516971,98.31428786235635
54867,28.0,0.4651667427154744,0.0139615910696529,4,0.4728093770287851,0.0002316525841469,4,0.007642634313310692,7.642634313310692,7.642634313310692,13.9615910696529,0.23165258414690001,98.34078664106971
49196,21.0,0.0086073629175535,0.0009800346469421,4,0.0162349011931489,0.0002128909840033,4,0.007627538275595399,7.627538275595398,7.627538275595398,0.9800346469421,0.21289098400329998,78.27719819216989
55214,28.0,0.4036496009370529,0.0139555555204779,4,0.4112662361811305,0.0001978288379323,4,0.00761663524407763,7.61663524407763,7.61663524407763,13.9555555204779,0.1978288379323,98.58243666730418
54868,28.0,0.4456071562623572,0.013953040140492,4,0.4530673510057216,0.000214297595303,4,0.007460194743364401,7.460194743364401,7.460194743364401,13.953040140492,0.214297595303,98.46415123051855
55212,28.0,0.4885389940484959,0.0139569754740976,4,0.4958891268282362,0.0002240157553081,4,0.007350132779740337,7.350132779740337,7.350132779740337,13.9569754740976,0.2240157553081,98.39495486881205
55217,38.0,0.4724320292613522,0.0009490849252457,4,0.4654463732943524,0.0004897080003725,1,-0.006985655966999793,-6.9856559669997935,6.9856559669997935,0.9490849252457,0.48970800037250006,48.40208843842673
49198,21.0,-0.0272905437782169,0.0010502764731812,4,-0.0209543441591618,0.0002232889299931,4,0.0063361996190550995,6.336199619055099,6.336199619055099,1.0502764731812,0.22328892999310002,78.73998554716013
49199,21.0,-0.0140533441352638,0.0010378577095823,4,-0.0078559580362986,0.0002242082885273,4,0.0061973860989652015,6.197386098965201,6.197386098965201,1.0378577095822998,0.2242082885273,78.39701083710833
55208,28.0,0.4592516900739438,0.013947348959856,4,0.4654381567799238,0.0003383566709019,2,0.006186466705979998,6.186466705979998,6.186466705979998,13.947348959856,0.3383566709019,97.57404312550165
48903,13.0,0.4345596287051426,0.1189960204649058,4,0.4286743512729969,0.0002143568188492,4,-0.005885277432145675,-5.885277432145674,5.885277432145674,118.9960204649058,0.2143568188492,99.81986219538122
55168,30.0,0.4443248144520106,0.000982952820469,4,0.4390992477113343,0.000495769075319,1,-0.005225566740676313,-5.225566740676313,5.225566740676313,0.9829528204690001,0.495769075319,49.56328879727393
48904,13.0,0.4409092121263406,0.1189814163940861,4,0.4362023712236643,0.000221460628624,4,-0.0047068409026763125,-4.706840902676312,4.706840902676312,118.9814163940861,0.221460628624,99.81386956439442
54881,27.0,0.5179883966138092,0.0343839225437461,4,0.5132835512779985,0.0004555200558052,1,-0.004704845335810726,-4.704845335810726,4.704845335810726,34.3839225437461,0.4555200558052,98.67519461973644
55225,38.0,0.5381017271949743,0.0008041758853031,4,0.533413943227962,0.0002959070564685,3,-0.0046877839670123045,-4.6877839670123045,4.6877839670123045,0.8041758853031,0.2959070564685,63.203689407203456
55252,39.0,0.5182336519642285,0.001120695173809,4,0.5136420131519721,0.0003292008429849,2,-0.004591638812256438,-4.591638812256438,4.591638812256438,1.120695173809,0.32920084298490004,70.62530019951654
55220,38.0,0.4831879121801897,0.0006872949797602,4,0.4785964992267845,0.0002908283272243,3,-0.004591412953405205,-4.5914129534052055,4.5914129534052055,0.6872949797602,0.29082832722429997,57.68507907248629
48906,13.0,-0.0266129463170522,0.1189817983814969,4,-0.0311048506070189,0.0002284068356737,4,-0.004491904289966701,-4.491904289966701,4.491904289966701,118.9817983814969,0.22840683567370001,99.80803212022283
54878,34.0,0.5500657971739293,0.0011175626078156,4,0.5456275009370699,0.0002418661821732,2,-0.004438296236859429,-4.438296236859429,4.438296236859429,1.1175626078156,0.2418661821732,78.35770627240703
48909,13.0,0.4142809004868906,0.1189790007059821,4,0.409879697213928,0.0002180802883546,4,-0.004401203272962617,-4.401203272962617,4.401203272962617,118.97900070598209,0.2180802883546,99.8167069087313
54882,27.0,0.470870588650641,0.0091424560920835,4,0.4664931439274363,0.0002606821246412,3,-0.0043774447232047264,-4.377444723204727,4.377444723204727,9.142456092083501,0.2606821246412,97.14866418809574
55216,38.0,0.5325557833481354,0.0006600818559069,4,0.5282164858506201,0.0003021416687918,3,-0.004339297497515271,-4.339297497515271,4.339297497515271,0.6600818559069,0.3021416687918,54.22663627427217
48908,13.0,-0.0722988159743463,0.1189793487948827,4,-0.0766262551977091,0.0002205328858367,4,-0.004327439223362803,-4.327439223362803,4.327439223362803,118.9793487948827,0.2205328858367,99.81464608096242
55223,38.0,0.4910073650612109,0.0009280088184496,4,0.4866897966717009,0.0002899267248667,3,-0.004317568389509974,-4.317568389509974,4.317568389509974,0.9280088184496,0.2899267248667,68.75819290693023
48902,13.0,0.3973735453941865,0.1189805890461897,4,0.3930871636684628,0.0002123483311706,4,-0.004286381725723709,-4.286381725723709,4.286381725723709,118.9805890461897,0.2123483311706,99.8215269121855
48900,13.0,0.4503159191198929,0.118979341964287,4,0.4460396605656914,0.0001909901840143,4,-0.004276258554201495,-4.276258554201496,4.276258554201496,118.979341964287,0.1909901840143,99.83947618060316
55219,38.0,0.4162701460718636,0.0009716029211524,4,0.4119942509454068,0.0003197486431324,3,-0.0042758951264567635,-4.2758951264567635,4.2758951264567635,0.9716029211524,0.3197486431324,67.0906050021801
48901,13.0,0.3710862357252816,0.118979118899986,4,0.3668743991843462,0.0002084001551755,4,-0.004211836540935376,-4.211836540935376,4.211836540935376,118.97911889998599,0.2084001551755,99.82484308414598
48907,13.0,0.4970572991344982,0.1189788834530441,4,0.4928587469915357,0.0002201945648311,4,-0.004198552142962497,-4.198552142962497,4.198552142962497,118.97888345304409,0.2201945648311,99.81492970984385
55218,38.0,0.43634793204006,0.0004830436131447,4,0.432174206775483,0.0002809701486527,3,-0.0041737252645769884,-4.173725264576989,4.173725264576989,0.4830436131447,0.2809701486527,41.833378807446756
48910,13.0,0.5380020119081886,0.1189784984895059,4,0.5338541394790701,0.0002161414152273,4,-0.004147872429118515,-4.147872429118515,4.147872429118515,118.9784984895059,0.2161414152273,99.81833573463162
54879,27.0,0.6143175326118316,0.0555649806764161,4,0.6184311869430256,0.0002495534565798,3,0.004113654331193928,4.113654331193928,4.113654331193928,55.5649806764161,0.24955345657980002,99.55087997234611
55229,38.0,0.4631815319778152,0.0013674044562179,4,0.4591677694593115,0.0003127147048404,3,-0.004013762518503716,-4.013762518503716,4.013762518503716,1.3674044562179,0.3127147048404,77.13078208730307
55222,38.0,0.4272404271160538,0.0005580224445992,4,0.4233373181252935,0.0002878916340027,3,-0.0039031089907602956,-3.9031089907602956,3.9031089907602956,0.5580224445992,0.28789163400269996,48.40859238027992
55097,27.0,0.4000834544294659,0.0044093003983845,4,0.3961863444246388,0.0002607440367448,3,-0.00389711000482712,-3.89711000482712,3.89711000482712,4.4093003983845005,0.2607440367448,94.08649869171235
55224,38.0,0.6316667542659806,0.0009487308984062,4,0.6278202219824465,0.0002876786726614,3,-0.0038465322835341542,-3.846532283534154,3.846532283534154,0.9487308984062,0.28767867266139996,69.6775267734318
55167,33.0,0.5342492490166552,0.0008989898880769,4,0.5379340314264798,0.0004661161436091,1,0.0036847824098246162,3.6847824098246162,3.6847824098246162,0.8989898880769,0.46611614360910003,48.15112496913556
55253,30.0,0.592892888124318,0.001010182213459,4,0.5965290287583703,0.0003633612523611,2,0.003636140634052376,3.636140634052376,3.636140634052376,1.010182213459,0.3633612523611,64.0301276819256
55257,39.0,0.5907625579626753,0.0010219814990645,4,0.5871697472565377,0.0002288833128778,4,-0.0035928107061375947,-3.5928107061375947,3.5928107061375947,1.0219814990645,0.22888331287779998,77.60396708870807
54884,34.0,0.5319096724393524,0.0010336573122658,4,0.5283399803622297,0.0001801464047555,4,-0.003569692077122655,-3.569692077122655,3.569692077122655,1.0336573122658,0.1801464047555,82.57194114356768
55105,34.0,0.4225256280938665,0.0009888235329912,4,0.41899642860996,0.000186405947292,4,-0.003529199483906509,-3.529199483906509,3.529199483906509,0.9888235329912,0.186405947292,81.14871450033958
55068,34.0,0.4275666953169094,0.0011061857819877,4,0.4240691244805477,0.0001890753070349,4,-0.0034975708363617075,-3.4975708363617075,3.4975708363617075,1.1061857819877001,0.1890753070349,82.90745459635619
55071,34.0,0.4706653221562791,0.0010738111394236,4,0.4672037266810991,0.0001898492507844,4,-0.0034615954751799904,-3.4615954751799904,3.4615954751799904,1.0738111394236,0.1898492507844,82.32005202643855
54877,34.0,0.3929113442345205,0.0010190960051906,4,0.3894862876738206,0.0001847750579621,4,-0.003425056560699913,-3.425056560699913,3.425056560699913,1.0190960051906,0.1847750579621,81.86872904800153
55066,34.0,0.4645678797710885,0.0010568734073643,4,0.4611498264870707,0.0001881834472664,4,-0.0034180532840177857,-3.4180532840177857,3.4180532840177857,1.0568734073642998,0.1881834472664,82.19432469819596
55070,34.0,0.3963821678923624,0.0015572303018891,4,0.3929710034898457,0.0001903604996168,4,-0.0034111644025167087,-3.4111644025167087,3.4111644025167087,1.5572303018891,0.19036049961680002,87.77570026823452
54883,34.0,0.4246255380393796,0.0012656986504204,4,0.4212329129785221,0.0001910726969776,4,-0.003392625060857468,-3.392625060857468,3.392625060857468,1.2656986504204,0.19107269697760002,84.90377650998241
55100,34.0,0.4738632616982463,0.0010887028246995,4,0.4704787299440335,0.0001908172823577,4,-0.0033845317542127717,-3.3845317542127717,3.3845317542127717,1.0887028246995,0.19081728235769999,82.47296892883797
55041,36.0,0.4782245676656113,0.0016308042415109,4,0.4749508755580366,0.0003057175768274,2,-0.003273692107574666,-3.273692107574666,3.273692107574666,1.6308042415109,0.3057175768274,81.25356992301172
55233,35.0,0.535552195826532,0.0007318627277621,4,0.5322848284285384,0.0002944334429265,2,-0.0032673673979936035,-3.2673673979936035,3.2673673979936035,0.7318627277621,0.2944334429265,59.76930758219884
55082,39.0,0.4521905708357615,0.0015714727301768,4,0.4489516275614215,0.0002194963918286,4,-0.0032389432743399893,-3.2389432743399893,3.2389432743399893,1.5714727301768001,0.21949639182859998,86.03244029542242
55067,34.0,0.5958593440589961,0.0012812577109642,4,0.5926464455862972,0.0001943580584496,4,-0.0032128984726988996,-3.2128984726988996,3.2128984726988996,1.2812577109641998,0.1943580584496,84.83068185374374
55239,39.0,0.4221697151124562,0.0010609805332762,4,0.4189905373652808,0.0002258135024636,4,-0.00317917774717541,-3.17917774717541,3.17917774717541,1.0609805332762001,0.2258135024636,78.7165272706455
55081,39.0,0.5041702885494386,0.0010352140344276,4,0.5010571812428533,0.0002303206615418,4,-0.0031131073065853165,-3.1131073065853165,3.1131073065853165,1.0352140344276002,0.2303206615418,77.75139692062318
48963,14.0,0.5043551286997839,0.0020264996270512,4,0.5012733539820851,0.000470319212429,1,-0.003081774717698882,-3.081774717698882,3.081774717698882,2.0264996270512,0.470319212429,76.79154705232436
55251,39.0,0.3824862590365289,0.0010763149747595,4,0.3795523868390082,0.0002324024508304,4,-0.0029338721975206705,-2.9338721975206705,2.9338721975206705,1.0763149747595,0.23240245083039998,78.4075799110451
55250,39.0,0.4754614694706064,0.0010913573637422,4,0.4726165784035068,0.0002313336846273,4,-0.0028448910670996197,-2.8448910670996197,2.8448910670996197,1.0913573637422,0.2313336846273,78.8031223948432
55238,39.0,0.4158425122949093,0.0011856926595856,4,0.4129983070528861,0.0002024078520817,4,-0.0028442052420232233,-2.8442052420232233,2.8442052420232233,1.1856926595856,0.2024078520817,82.929146904524
55014,37.0,0.4405031247732044,0.0010071939826928,4,0.4377060773754785,0.0003290549360149,2,-0.0027970473977259047,-2.7970473977259047,2.7970473977259047,1.0071939826928,0.3290549360149,67.32953714286995
55256,39.0,0.5236698193160598,0.0010681336311419,4,0.5209202625160694,0.0002213700655868,4,-0.002749556799990449,-2.749556799990449,2.749556799990449,1.0681336311419,0.2213700655868,79.27505893151759
55221,38.0,0.4720231581439873,0.0009620880479343,4,0.4693355600587732,0.0003586522285601,2,-0.002687598085214127,-2.687598085214127,2.687598085214127,0.9620880479343,0.3586522285601,62.721475510462646
55064,39.0,0.5316473805917049,0.0010915917539892,4,0.5289722913935085,0.0002248311949194,4,-0.0026750891981963676,-2.6750891981963676,2.6750891981963676,1.0915917539892,0.2248311949194,79.40336264929091
55007,37.0,0.4699398005393206,0.0013229579523588,4,0.4672853223073623,0.0002251036403081,4,-0.0026544782319583016,-2.6544782319583016,2.6544782319583016,1.3229579523588,0.22510364030809998,82.98482276728856
49211,22.0,-0.0751103358904198,0.0012599763153604,4,-0.0777580817489551,0.0002886148794199,2,-0.0026477458585353053,-2.6477458585353055,2.6477458585353055,1.2599763153604,0.2886148794199,77.09362661016803
54876,34.0,0.5710912463702276,0.0010751848523158,4,0.568445102656349,0.0002636109021398,2,-0.0026461437138786126,-2.6461437138786126,2.6461437138786126,1.0751848523158,0.2636109021398,75.48227157664857
55080,37.0,0.476303470420007,0.0009878372522396,4,0.4736675157625892,0.0002266164916899,4,-0.002635954657417783,-2.635954657417783,2.635954657417783,0.9878372522396,0.2266164916899,77.05932923909067
55063,37.0,0.4513733294752704,0.0010237725564497,4,0.4487890684251727,0.0002108144129287,4,-0.002584261050097736,-2.584261050097736,2.584261050097736,1.0237725564497,0.2108144129287,79.40808125783573
55062,37.0,0.3931080835118309,0.0009542641556214,4,0.3905299550343778,0.0002224942466488,4,-0.00257812847745309,-2.57812847745309,2.57812847745309,0.9542641556214,0.2224942466488,76.68420789588228
55058,37.0,0.4604771463164101,0.0009405519158304,4,0.4579262863874365,0.0002269164031148,4,-0.0025508599289736367,-2.5508599289736367,2.5508599289736367,0.9405519158304,0.2269164031148,75.87412249174372
55057,37.0,0.644135555699467,0.0009482208835563,4,0.6416037751890395,0.0002278475950372,4,-0.0025317805104274616,-2.5317805104274616,2.5317805104274616,0.9482208835563,0.2278475950372,75.97104229737504
55008,37.0,0.4762655104564738,0.0009221662562697,4,0.4737463625961289,0.0002293651812617,4,-0.002519147860344906,-2.519147860344906,2.519147860344906,0.9221662562697,0.2293651812617,75.12756732289073
55065,37.0,0.500835925345203,0.0009499068749566,4,0.4983535838200311,0.0002274434883477,4,-0.0024823415251719605,-2.4823415251719605,2.4823415251719605,0.9499068749566001,0.2274434883477,76.05623305357258
49244,24.0,-0.0059922890420039,0.001415664175405,4,-0.008474250780435,0.0002977869041271,2,-0.0024819617384311005,-2.4819617384311004,2.4819617384311004,1.4156641754050001,0.29778690412709996,78.96486262062062
49250,25.0,-0.0446498881369816,0.0011511230810749,4,-0.0470908582988646,0.0003075160762263,2,-0.0024409701618830007,-2.440970161883001,2.440970161883001,1.1511230810749,0.3075160762263,73.28556074654098
54875,26.0,0.5300717018922997,0.0023314141871296,4,0.5276570175053386,0.0003649423045636,2,-0.00241468438696113,-2.41468438696113,2.41468438696113,2.3314141871296,0.36494230456360005,84.34674085032864
55241,35.0,0.4977818938212631,0.0008248074542684,4,0.5001899927923141,0.000434807440281,1,0.0024080989710510425,2.4080989710510425,2.4080989710510425,0.8248074542684,0.43480744028100005,47.28376446759056
55045,26.0,0.469693127521074,0.0014930088635735,4,0.4673149393635327,0.0002551984477004,4,-0.0023781881575413166,-2.3781881575413166,2.3781881575413166,1.4930088635735,0.2551984477004,82.90710430950922
55236,39.0,0.4659826385686136,0.0013049117274193,4,0.4636098057707353,0.0002276772009417,4,-0.0023728327978783104,-2.3728327978783104,2.3728327978783104,1.3049117274193,0.2276772009417,82.55229099734025
55084,37.0,0.4662920937301911,0.0010599009013546,4,0.4639429753932931,0.0003143375296821,2,-0.002349118336897993,-2.349118336897993,2.349118336897993,1.0599009013546,0.3143375296821,70.34274343192249
55242,35.0,0.4948025082740297,0.0009258700175701,4,0.4924716473759635,0.000245928737031,3,-0.0023308608980662227,-2.3308608980662227,2.3308608980662227,0.9258700175701,0.245928737031,73.43809256547395
55191,26.0,0.4993232381902989,0.0015399422144979,4,0.4970148118302092,0.0002497493942089,4,-0.0023084263600897104,-2.3084263600897104,2.3084263600897104,1.5399422144979,0.24974939420890002,83.78189831685788
55042,36.0,0.4845992891900628,0.0015066522417191,4,0.482296029480101,0.0002226788607077,4,-0.0023032597099618135,-2.3032597099618135,2.3032597099618135,1.5066522417191002,0.2226788607077,85.22028809689873
49213,22.0,-0.0465620793211749,0.001395663628002,4,-0.0488297477887028,0.000216761846061,4,-0.002267668467527899,-2.2676684675278986,2.2676684675278986,1.3956636280019998,0.21676184606100002,84.46890484841886
55228,33.0,0.5732675900838659,0.0014053168777285,4,0.5755329224073943,0.0002512816924368,3,0.002265332323528435,2.265332323528435,2.265332323528435,1.4053168777285,0.25128169243680004,82.11921478926787
55051,36.0,0.5234169881575882,0.0014924702187417,4,0.5211705143120803,0.0002215988869694,4,-0.0022464738455079125,-2.2464738455079125,2.2464738455079125,1.4924702187417,0.2215988869694,85.1522071136381
49214,22.0,-0.0377116614904439,0.0012316125815076,4,-0.0399577696368975,0.0002141332783837,4,-0.002246108146453596,-2.246108146453596,2.246108146453596,1.2316125815076,0.2141332783837,82.61358469385053
55025,36.0,0.4173349815357631,0.0015000505702319,4,0.4150894808908251,0.0002228303717638,4,-0.0022455006449380033,-2.2455006449380033,2.2455006449380033,1.5000505702319,0.2228303717638,85.14514269146595
55207,33.0,0.6165276341213365,0.001553493234061,4,0.6187620058388674,0.0002534586511819,3,0.0022343717175309363,2.2343717175309363,2.2343717175309363,1.553493234061,0.2534586511819,83.68459896543408
48875,10.0,0.4835379423298492,0.0036252603957458,4,0.4857532336106103,0.0004304377333237,1,0.002215291280761089,2.215291280761089,2.215291280761089,3.6252603957457996,0.4304377333237,88.12670853026687
55234,35.0,0.5104266374389714,0.0008242086488592,4,0.5082200528099767,0.0002450016281005,3,-0.002206584628994701,-2.206584628994701,2.206584628994701,0.8242086488592,0.2450016281005,70.27431968354001
55024,36.0,0.4680812554910034,0.0015246355129626,4,0.465885806440397,0.0002218770831173,4,-0.0021954490506063684,-2.1954490506063684,2.1954490506063684,1.5246355129626,0.2218770831173,85.4472048413618
55037,36.0,0.4498348273585185,0.0015751034386969,4,0.4476738114680157,0.0002048612335618,4,-0.002161015890502771,-2.161015890502771,2.161015890502771,1.5751034386969,0.2048612335618,86.99379173908197
49240,24.0,-0.0281694369744876,0.0013873739495738,4,-0.0303120757075536,0.0002168024971081,4,-0.002142638733065999,-2.142638733065999,2.142638733065999,1.3873739495738,0.2168024971081,84.3731751504559
49209,22.0,-0.0558954925871293,0.0013959083771159,4,-0.0580351322630553,0.0002207974005694,4,-0.0021396396759260014,-2.1396396759260012,2.1396396759260012,1.3959083771159,0.2207974005694,84.18252915527368
49212,22.0,-0.0172782117691934,0.0012148262409627,4,-0.019365193120742,0.0002237147221905,4,-0.0020869813515485974,-2.0869813515485975,2.0869813515485975,1.2148262409627,0.22371472219049998,81.58463205295803
49208,22.0,-0.0331700940376967,0.0012879708920757,4,-0.0352551130989466,0.0002142033412388,4,-0.0020850190612499014,-2.0850190612499016,2.0850190612499016,1.2879708920757,0.2142033412388,83.36892995356526
49239,24.0,0.0167450314925157,0.0012293429183693,4,0.0147081846140828,0.0002231927832578,4,-0.0020368468784328995,-2.0368468784328995,2.0368468784328995,1.2293429183692999,0.2231927832578,81.84454638955735
54189,26.0,0.4748807049707983,0.0016939200372197,4,0.4728442367744273,0.0002554513844758,4,-0.002036468196371044,-2.036468196371044,2.036468196371044,1.6939200372197,0.2554513844758,84.91951338534948
55053,36.0,0.4602365866336743,0.001839911641524,4,0.4582019990946097,0.0002227273142897,4,-0.002034587539064603,-2.034587539064603,2.034587539064603,1.839911641524,0.2227273142897,87.89467334935634
55039,36.0,0.5236106674075437,0.0018974974605739,4,0.5215815611014654,0.0002190147802318,4,-0.002029106306078332,-2.029106306078332,2.029106306078332,1.8974974605739,0.2190147802318,88.45770364480178
55052,36.0,0.4901941425299139,0.0015982094040587,4,0.4881860459609773,0.0002228046264924,4,-0.0020080965689365793,-2.0080965689365793,2.0080965689365793,1.5982094040587,0.22280462649240002,86.05910928026196
49203,22.0,-0.0455260283759181,0.0011719982030287,4,-0.0475243016381472,0.0001828799591071,4,-0.0019982732622291013,-1.9982732622291013,1.9982732622291013,1.1719982030287,0.1828799591071,84.3958840009739
49207,22.0,-0.0304280621724973,0.0013817220799201,4,-0.0324250993719974,0.0002115069554845,4,-0.001997037199500097,-1.997037199500097,1.997037199500097,1.3817220799201,0.21150695548450002,84.69251099347484
49245,24.0,-0.0698498643275165,0.0014409710149971,4,-0.0718463913397222,0.0002208826009419,4,-0.0019965270122057066,-1.9965270122057066,1.9965270122057066,1.4409710149971,0.2208826009419,84.67126689967844
49241,24.0,-0.0377879052019466,0.0012742628987306,4,-0.0397821476825796,0.0002251142427822,4,-0.001994242480632999,-1.994242480632999,1.994242480632999,1.2742628987306002,0.2251142427822,82.33376778006681
55036,36.0,0.4641175844136246,0.0018398636823309,4,0.4621528349536106,0.0002211620784883,4,-0.0019647494600140147,-1.9647494600140147,1.9647494600140147,1.8398636823309,0.2211620784883,87.97943126916269
48491,4.0,-0.0680309938340389,0.0005395707757331,4,-0.0699897104459795,0.0004845267360551,1,-0.0019587166119405947,-1.9587166119405945,1.9587166119405945,0.5395707757331,0.4845267360551,10.20144940266885
49128,18.0,0.3996264904499531,0.0013907911122158,4,0.3976690327931597,0.000252475515337,4,-0.0019574576567933932,-1.9574576567933932,1.9574576567933932,1.3907911122157999,0.252475515337,81.84662577151808
55244,35.0,0.4544784310472606,0.0007011173952444,4,0.4525451161594739,0.0002477843258277,3,-0.0019333148877866968,-1.9333148877866968,1.9333148877866968,0.7011173952444001,0.24778432582770002,64.6586538134137
49206,22.0,-0.0410231405761783,0.0011982199419087,4,-0.0429391151905315,0.0002084875045592,4,-0.001915974614353201,-1.915974614353201,1.915974614353201,1.1982199419087,0.20848750455919998,82.60023078675434
49233,23.0,-0.0486792347864834,0.0016819488168192,4,-0.0505910994669244,0.0003218231112635,2,-0.0019118646804410014,-1.9118646804410013,1.9118646804410013,1.6819488168191998,0.3218231112635,80.86605798908244
54873,26.0,0.4333312526391126,0.0015205213339521,4,0.4314316171778437,0.0002447076149042,4,-0.0018996354612689226,-1.8996354612689226,1.8996354612689226,1.5205213339521,0.24470761490419998,83.90633466035217
49259,25.0,-0.0162144668185769,0.0012093846780172,4,-0.018062939714821,0.0002261257315255,4,-0.0018484728962441,-1.8484728962441002,1.8484728962441002,1.2093846780172002,0.2261257315255,81.30241472082847
55098,26.0,0.4049235066737395,0.0014755672845925,4,0.4030801685488648,0.0002595588474558,4,-0.0018433381248746938,-1.8433381248746938,1.8433381248746938,1.4755672845925,0.2595588474558,82.40955528317497
49254,25.0,-0.040253190797988,0.0011827978229367,4,-0.0420804424661236,0.0002219876139018,4,-0.0018272516681355974,-1.8272516681355975,1.8272516681355975,1.1827978229367,0.2219876139018,81.23198998197006
49255,25.0,-0.0172969352404426,0.0011574827853079,4,-0.0191150498689699,0.0002227105675464,4,-0.0018181146285273023,-1.8181146285273022,1.8181146285273022,1.1574827853079,0.2227105675464,80.75906005918205
49261,25.0,-0.0615836799650173,0.0011552265032508,4,-0.0633901835781048,0.0002229604660341,4,-0.0018065036130875053,-1.8065036130875054,1.8065036130875054,1.1552265032508,0.2229604660341,80.69984843606942
49243,24.0,-0.0270784984428343,0.0012889607320915,4,-0.0288813690894112,0.000226228851125,4,-0.0018028706465769012,-1.8028706465769013,1.8028706465769013,1.2889607320915,0.226228851125,82.44873986518463
49258,25.0,-0.0247603467760142,0.0011456592203171,4,-0.0265619971530346,0.0002275850934596,4,-0.0018016503770203994,-1.8016503770203993,1.8016503770203993,1.1456592203170999,0.22758509345959999,80.1350096587528
55069,26.0,0.5139697355718835,0.0016421770931331,4,0.5121683191007389,0.0002327661402882,4,-0.0018014164711446234,-1.8014164711446234,1.8014164711446234,1.6421770931331001,0.2327661402882,85.82575891104979
55188,39.0,0.5100486829449886,0.0011096534040978,4,0.508273651611565,0.0003184248378735,2,-0.0017750313334236045,-1.7750313334236045,1.7750313334236045,1.1096534040978001,0.3184248378735,71.30411742102532
49249,24.0,-0.0290092096115487,0.0012922483862611,4,-0.030778134996887,0.0002156139006215,4,-0.001768925385338297,-1.7689253853382971,1.7689253853382971,1.2922483862610998,0.21561390062150002,83.31482531424612
49247,24.0,0.1780679863492049,0.0013408861092761,4,0.1763100133715333,0.0002153425652211,4,-0.0017579729776716069,-1.7579729776716069,1.7579729776716069,1.3408861092761,0.21534256522109999,83.94027921302308
49256,25.0,-0.0316106911877372,0.0012481022275107,4,-0.0333673902332562,0.0002250808585256,4,-0.0017566990455190057,-1.7566990455190057,1.7566990455190057,1.2481022275107,0.2250808585256,81.96615200547183
49134,18.0,0.4359400437625844,0.0023380406662166,4,0.4341841449257126,0.0003035959528208,4,-0.001755898836871772,-1.755898836871772,1.755898836871772,2.3380406662166,0.3035959528208,87.01494130501688
49252,25.0,-0.0078585222311172,0.0014627789119407,4,-0.0096074597384156,0.0002190778695035,4,-0.0017489375072984002,-1.7489375072984001,1.7489375072984001,1.4627789119407,0.2190778695035,85.02317283116662
49248,24.0,-0.0095483786667892,0.0014793946319381,4,-0.0112893419605059,0.0002205548886994,4,-0.0017409632937167002,-1.7409632937167,1.7409632937167,1.4793946319381,0.2205548886994,85.09154461305167
55189,26.0,0.5198905768259584,0.0015817749797668,4,0.5181530878789283,0.0002550637540859,4,-0.0017374889470300747,-1.7374889470300747,1.7374889470300747,1.5817749797668,0.2550637540859,83.87483950950447
55243,35.0,0.5282854310827321,0.0007712168955077,4,0.5265536580373051,0.0002370293301529,3,-0.001731773045426932,-1.731773045426932,1.731773045426932,0.7712168955077,0.2370293301529,69.26554234825714
49246,24.0,-0.053435702715166,0.0013522102676592,4,-0.0551344083529647,0.0002182964631005,4,-0.0016987056377987045,-1.6987056377987044,1.6987056377987044,1.3522102676592,0.2182964631005,83.8563226207126
55235,35.0,0.5090184269876854,0.0005727798206089,4,0.507392434517554,0.0002421453445972,3,-0.0016259924701313988,-1.6259924701313988,1.6259924701313988,0.5727798206089,0.24214534459720002,57.72453290344889
55102,33.0,0.4393811668036702,0.0008751647807237,4,0.4409529986741684,0.0002454275435602,3,0.001571831870498197,1.571831870498197,1.571831870498197,0.8751647807237,0.2454275435602,71.95641906918962
48753,7.0,-0.0590752914910106,0.0006616864938333,4,-0.0606310126624794,0.0003220118875446,2,-0.0015557211714688005,-1.5557211714688004,1.5557211714688004,0.6616864938332999,0.32201188754460003,51.334674268608374
49186,20.0,0.0079881917709671,0.0010867409640051,4,0.0095357163849676,0.0003363754276495,2,0.0015475246140005013,1.5475246140005012,1.5475246140005012,1.0867409640051,0.3363754276495,69.04732233431099
49167,19.0,0.0207500821856037,0.001146672664367,4,0.0222946622778743,0.0003169349981273,2,0.0015445800922706011,1.5445800922706012,1.5445800922706012,1.146672664367,0.31693499812729997,72.36046450080343
55240,35.0,0.4417089379603824,0.0006887899600181,4,0.440180229448824,0.000246621403058,3,-0.0015287085115583965,-1.5287085115583965,1.5287085115583965,0.6887899600181,0.24662140305799998,64.19497707958472
49181,20.0,-0.0344431411957172,0.0010824660733425,4,-0.0359010381439604,0.000326273042193,2,-0.0014578969482431994,-1.4578969482431994,1.4578969482431994,1.0824660733425,0.32627304219299996,69.85835859173714
54885,33.0,0.4990251928534848,0.000747684388385,4,0.5004804943612339,0.0002517945739995,3,0.001455301507749085,1.455301507749085,1.455301507749085,0.7476843883850001,0.2517945739995,66.32341427599192
54880,27.0,0.4975814983901206,0.0031437387349551,4,0.4961267931324505,0.0002334306342411,3,-0.001454705257670108,-1.454705257670108,1.454705257670108,3.1437387349551,0.2334306342411,92.57474447079224
54935,33.0,0.4118425527661776,0.0009729301197776,4,0.413276244460796,0.0002553355508751,3,0.001433691694618433,1.433691694618433,1.433691694618433,0.9729301197776,0.2553355508751,73.7560236151938
55101,33.0,0.4845936343639676,0.0008482838834923,4,0.4860258853408259,0.000254487709354,3,0.0014322509768583402,1.4322509768583402,1.4322509768583402,0.8482838834923,0.254487709354,69.9997000642875
48480,4.0,-0.0536066726983276,0.0001246674260043,4,-0.0550234729287278,0.0002455594099855,3,-0.0014168002304002017,-1.4168002304002016,1.4168002304002016,0.1246674260043,0.2455594099855,-96.97158901558633
48483,4.0,0.0198223743578595,0.0004515553154247,4,0.0184109728434784,0.0002721222255755,3,-0.0014114015143810998,-1.4114015143810998,1.4114015143810998,0.4515553154247,0.2721222255755,39.73667980863836
48488,4.0,0.010403727121906,0.0002201849416973,4,0.0090101703473493,0.000271896429718,3,-0.0013935567745567007,-1.3935567745567008,1.3935567745567008,0.22018494169730002,0.271896429718,-23.485478898820674
55226,33.0,0.4841104961778931,0.0008099478579519,4,0.4854878749482909,0.0002539761710364,3,0.0013773787703977858,1.3773787703977858,1.3773787703977858,0.8099478579519,0.25397617103639997,68.64289860848268
49135,18.0,0.4998889511659966,0.0015862668484959,4,0.4985172398700162,0.000267549458908,4,-0.001371711295980349,-1.371711295980349,1.371711295980349,1.5862668484959002,0.26754945890799997,83.13338899052889
55044,26.0,0.438481654748896,0.0023173635546695,4,0.4371175743740033,0.0003642774857592,2,-0.0013640803748927177,-1.3640803748927177,1.3640803748927177,2.3173635546695,0.3642774857592,84.28052063625586
55230,35.0,0.3702449917274839,0.0005669299819227,4,0.3689003969781971,0.0002445350625655,3,-0.001344594749286776,-1.344594749286776,1.344594749286776,0.5669299819227,0.24453506256550003,56.86679654228589
49257,25.0,-0.0392857754010305,0.001150473496219,4,-0.04060511133208,0.0003071083772438,2,-0.0013193359310494993,-1.3193359310494992,1.3193359310494992,1.1504734962190002,0.3071083772438,73.30591462966306
48905,13.0,0.408269076916419,0.1189836366298138,4,0.406994091720097,0.0003067650488129,2,-0.0012749851963220205,-1.2749851963220205,1.2749851963220205,118.9836366298138,0.30676504881289995,99.74217879239369
48749,7.0,-0.0230054627318096,0.0004463108052389,4,-0.0242391230861695,0.0002190340046028,4,-0.0012336603543599,-1.2336603543599,1.2336603543599,0.4463108052389,0.2190340046028,50.92343675489638
48672,5.0,-0.0823681289092224,0.0003730892492583,4,-0.0836006688092436,0.0002505805735175,4,-0.0012325399000212012,-1.2325399000212012,1.2325399000212012,0.3730892492583,0.2505805735175,32.83629211625549
48495,5.0,0.0133349052320227,0.0003505602233504,4,0.0121183400273373,0.000258600699633,4,-0.0012165652046853999,-1.2165652046853999,1.2165652046853999,0.3505602233504,0.25860069963300003,26.232161435349866
55203,33.0,0.4674533421253706,0.000675625053246,4,0.4686524278234978,0.0002526625860175,3,0.0011990856981272113,1.1990856981272113,1.1990856981272113,0.675625053246,0.2526625860175,62.60313545159437
54871,33.0,0.4000856059246794,0.0005348524850262,4,0.4012624019581745,0.0002523161235561,3,0.0011767960334950756,1.1767960334950756,1.1767960334950756,0.5348524850262,0.2523161235561,52.82510026222648
48203,3.0,-0.0846690510222992,0.0004263063182232,4,-0.085837640292519,0.0003159301968788,2,-0.0011685892702198025,-1.1685892702198024,1.1685892702198024,0.42630631822320003,0.31593019687880003,25.89127034392455
48482,4.0,-0.0180206382208909,0.0005264680830075,4,-0.0191732370654093,0.0002632645966372,3,-0.0011525988445183974,-1.1525988445183974,1.1525988445183974,0.5264680830074999,0.26326459663720003,49.99419620401763
49176,19.0,-0.0024352209609266,0.001128893727828,4,-0.0035825966550941,0.000418548315964,1,-0.0011473756941675,-1.1473756941675,1.1473756941675,1.128893727828,0.418548315964,62.924028573593894
48486,4.0,0.0377289937104049,0.0004337465516436,4,0.0366150391650756,0.0002698569067093,3,-0.001113954545329296,-1.113954545329296,1.113954545329296,0.4337465516436,0.2698569067093,37.78465657266239
49129,18.0,-0.0655921985318231,0.0013111891701789,4,-0.0667059946491671,0.0002680950414149,4,-0.0011137961173439959,-1.1137961173439959,1.1137961173439959,1.3111891701789,0.2680950414149,79.55329043952362
48489,4.0,0.0088254615674601,0.0002965027019064,4,0.0077239827525618,0.0002705456600475,3,-0.0011014788148982994,-1.1014788148982995,1.1014788148982995,0.2965027019064,0.2705456600475,8.754403144391617
48481,4.0,-0.0582533774924466,0.0005351037731095,4,-0.0593434564278219,0.0002611013284258,3,-0.0010900789353752993,-1.0900789353752993,1.0900789353752993,0.5351037731095,0.2611013284258,51.20547797513475
48487,4.0,-0.0730597517364312,0.0003908717465578,4,-0.0741283248753654,0.0002672476223606,3,-0.0010685731389342007,-1.0685731389342008,1.0685731389342008,0.3908717465578,0.26724762236059996,31.627797426110245
49229,23.0,0.0196372711275977,0.0012562585949274,4,0.0185942620476405,0.0002574397396332,3,-0.0010430090799572016,-1.0430090799572016,1.0430090799572016,1.2562585949273999,0.2574397396332,79.50742461204194
49106,16.0,0.414737863974128,0.0022096486868964,4,0.4157799909694218,0.0004937240061809,1,0.001042126995293824,1.042126995293824,1.042126995293824,2.2096486868964,0.49372400618090007,77.65599531234223
55172,30.0,0.4693053225831981,0.0009976005175481,4,0.4703419485806269,0.0002875877110683,3,0.001036625997428764,1.036625997428764,1.036625997428764,0.9976005175481001,0.2875877110683,71.17205674921537
49230,23.0,-0.0852403589430833,0.0013260713406881,4,-0.0862680045611837,0.0002693198598951,3,-0.0010276456181004118,-1.0276456181004119,1.0276456181004119,1.3260713406881,0.26931985989510004,79.69039435273899
55175,30.0,0.5013071197650685,0.0009898278878741,4,0.5023252591612903,0.0002933328510959,3,0.0010181393962218621,1.0181393962218621,1.0181393962218621,0.9898278878740999,0.2933328510959,70.3652670641656
49238,24.0,-0.0492405828604024,0.0014029339096566,4,-0.0502549114673798,0.0003078714557044,2,-0.0010143286069774007,-1.0143286069774007,1.0143286069774007,1.4029339096565998,0.3078714557044,78.05517041214304
48750,7.0,-0.004680805496427,0.0006141717975034,4,-0.0056780268394572,0.0002225197563544,4,-0.0009972213430302001,-0.9972213430302002,0.9972213430302002,0.6141717975034,0.2225197563544,63.76913475041677
55227,33.0,0.3896863527949563,0.0010937189409147,4,0.3906803615495487,0.0002905412660698,2,0.0009940087545924348,0.9940087545924348,0.9940087545924348,1.0937189409147,0.29054126606979996,73.43547275255065
49101,16.0,-0.052668865280773,0.001215585807385,4,-0.0536628686633135,0.0002350970952131,3,-0.0009940033825404995,-0.9940033825404995,0.9940033825404995,1.2155858073849999,0.2350970952131,80.65976965304925
55050,36.0,0.4985490414120139,0.0016116249660587,4,0.4975623089233456,0.0003188975473641,2,-0.0009867324886683182,-0.9867324886683182,0.9867324886683182,1.6116249660586999,0.31889754736410003,80.21267018815314
54933,30.0,0.4625086033870436,0.000920629903891,4,0.4634910815398211,0.0002893733176975,3,0.0009824781527775217,0.9824781527775217,0.9824781527775217,0.920629903891,0.28937331769749997,68.56789938340293
48494,5.0,-0.0114880330059384,0.0004683840026292,4,-0.0124686477908238,0.000257934046542,4,-0.0009806147848853992,-0.9806147848853992,0.9806147848853992,0.4683840026292,0.257934046542,44.93107256137534
54927,30.0,0.5229835405946393,0.0008871118265266,4,0.5239635541312216,0.0002931023486835,3,0.0009800135365823914,0.9800135365823914,0.9800135365823914,0.8871118265266,0.2931023486835,66.95993222961376
48492,5.0,-0.0201214972163004,0.0003799624201771,4,-0.0210992507755006,0.0002303786713644,4,-0.0009777535592002014,-0.9777535592002013,0.9777535592002013,0.3799624201771,0.2303786713644,39.36803769777527
48731,6.0,-0.0330122480500639,0.0008983040640122,4,-0.0320840199133851,0.0004497170216265,1,0.0009282281366787964,0.9282281366787964,0.9282281366787964,0.8983040640122,0.4497170216265,49.937104857582796
49232,23.0,-0.0279930218943584,0.0013857022498599,4,-0.0289197102834952,0.0002751838791956,3,-0.0009266883891368011,-0.9266883891368011,0.9266883891368011,1.3857022498599,0.2751838791956,80.14119705561407
48752,7.0,-0.0888010049870495,0.0006275927973431,4,-0.0897113973641876,0.0002247716393271,4,-0.0009103923771380945,-0.9103923771380945,0.9103923771380945,0.6275927973431,0.22477163932709998,64.18511488999465
49234,23.0,-0.0437062609002039,0.001651657756957,4,-0.0446133842358889,0.0002662217346024,3,-0.0009071233356849964,-0.9071233356849964,0.9071233356849964,1.6516577569570001,0.2662217346024,83.88154365024843
49228,23.0,-0.056771470320152,0.0014098606817569,4,-0.0576268464810639,0.0002620986199816,3,-0.0008553761609118998,-0.8553761609118998,0.8553761609118998,1.4098606817569,0.2620986199816,81.40960852564628
49231,23.0,-0.0624791892405704,0.0014513482419835,4,-0.0633324044817766,0.000271519873426,3,-0.0008532152412061983,-0.8532152412061983,0.8532152412061983,1.4513482419835,0.271519873426,81.29188670426028
49112,16.0,0.4956053788456184,0.0022259244203065,4,0.4947596820459904,0.000316579910773,2,-0.0008456967996279818,-0.8456967996279818,0.8456967996279818,2.2259244203065,0.31657991077299996,85.77759838182608
48748,7.0,-0.0065047461797437,0.0005518351457062,4,-0.0073455210605681,0.0002075394967226,4,-0.0008407748808244003,-0.8407748808244002,0.8407748808244002,0.5518351457062,0.2075394967226,62.39103320304012
49204,22.0,-0.0618209567755081,0.0012666325982722,4,-0.0626398649757477,0.0003198305121425,2,-0.0008189082002395959,-0.8189082002395959,0.8189082002395959,1.2666325982722,0.3198305121425,74.74954358676878
49133,18.0,0.0294945420039957,0.0016022901716195,4,0.0287253871671237,0.0002610600969279,4,-0.0007691548368720033,-0.7691548368720034,0.7691548368720034,1.6022901716195,0.2610600969279,83.70706495290825
48493,5.0,-0.0757858402825469,0.0006198906186837,4,-0.0765496625590668,0.0002458077459871,4,-0.0007638222765199015,-0.7638222765199015,0.7638222765199015,0.6198906186837,0.2458077459871,60.346593644366195
49127,18.0,0.4406413411049891,0.0016161454413471,4,0.4399218147555672,0.0002457719835466,4,-0.0007195263494219062,-0.7195263494219062,0.7195263494219062,1.6161454413471,0.24577198354660001,84.79270632092725
49119,17.0,0.4365628506239182,0.0010933534282952,4,0.4358547568582592,0.0004207866261004,2,-0.0007080937656590014,-0.7080937656590014,0.7080937656590014,1.0933534282952,0.4207866261004,61.51412569707608
49111,16.0,-0.0251783014265111,0.0012815326043343,4,-0.0258569806742519,0.0002780034736888,3,-0.0006786792477407981,-0.6786792477407981,0.6786792477407981,1.2815326043343,0.2780034736888,78.30695272609076
48674,5.0,-0.0357708181019325,0.0003965164940756,4,-0.0364369101545175,0.0002520001483972,4,-0.0006660920525849989,-0.6660920525849989,0.6660920525849989,0.3965164940756,0.25200014839720003,36.446490332088544
55254,30.0,0.5559378498893628,0.0012561791586547,4,0.5565946935922904,0.0002758985539212,3,0.0006568437029276231,0.6568437029276231,0.6568437029276231,1.2561791586547,0.2758985539212,78.03668752022026
49123,17.0,-0.0418864501681375,0.0010931155562392,4,-0.0412486009479018,0.0004225619228701,2,0.0006378492202357006,0.6378492202357006,0.6378492202357006,1.0931155562392,0.4225619228701,61.3433437610293
49118,17.0,0.4096505658667361,0.0014194035722507,4,0.4090213450650504,0.0002983873952818,4,-0.0006292208016857037,-0.6292208016857037,0.6292208016857037,1.4194035722507001,0.2983873952818,78.97797348722622
48673,5.0,-0.0590030456425986,0.0006549828522376,4,-0.0596179129196727,0.0003776767656583,2,-0.0006148672770740979,-0.6148672770740979,0.6148672770740979,0.6549828522376,0.3776767656583,42.33791550907734
49102,16.0,-0.0719256415127913,0.0012445114940358,4,-0.0725365155899312,0.0002506928652986,3,-0.0006108740771399029,-0.6108740771399029,0.6108740771399029,1.2445114940358,0.25069286529859997,79.85612294462356
49116,17.0,0.4313416854638663,0.0009966842762941,4,0.4307481048094479,0.0002891957648665,4,-0.0005935806544183908,-0.5935806544183908,0.5935806544183908,0.9966842762941001,0.2891957648665,70.9842151878029
49130,18.0,-0.0709933739731648,0.0012985306284653,4,-0.0715832105329063,0.0002592357634665,4,-0.0005898365597414995,-0.5898365597414995,0.5898365597414995,1.2985306284653,0.2592357634665,80.03622265168408
48675,5.0,-0.0412395240084278,0.0004483078025542,4,-0.0418136717115314,0.0002512722365915,4,-0.0005741477031036002,-0.5741477031036002,0.5741477031036002,0.4483078025542,0.2512722365915,43.95095620466668
49172,19.0,-0.0208608489545073,0.001116531224003,4,-0.0203098117858214,0.0002698716516033,3,0.0005510371686858993,0.5510371686858994,0.5510371686858994,1.116531224003,0.2698716516033,75.82945771675304
48839,7.0,-0.0408498409319811,0.0006073680674921,4,-0.0403017262354183,0.0003166593416118,2,0.0005481146965628028,0.5481146965628028,0.5481146965628028,0.6073680674920999,0.3166593416118,47.86368290329673
49175,19.0,-0.0468254875350678,0.0011033664529097,4,-0.046284590080307,0.0002663150588249,3,0.0005408974547608039,0.5408974547608039,0.5408974547608039,1.1033664529096998,0.26631505882490003,75.86340801620372
49178,19.0,-0.0570229406744882,0.0010698058530512,4,-0.056483431608,0.0002613925948961,3,0.0005395090664882043,0.5395090664882043,0.5395090664882043,1.0698058530512,0.2613925948961,75.56635214225268
49121,17.0,0.3386307534055712,0.0009981307935885,4,0.3380952847496959,0.0002817109338314,4,-0.0005354686558752819,-0.5354686558752819,0.5354686558752819,0.9981307935885001,0.2817109338314,71.77615041626086
49170,19.0,0.0349005419447394,0.0010754102386007,4,0.0354347382850011,0.0002599343931167,3,0.0005341963402617014,0.5341963402617014,0.5341963402617014,1.0754102386006998,0.2599343931167,75.82928041907793
49171,19.0,-0.0852807452338099,0.0011251686517833,4,-0.084747582755067,0.0002616059744762,3,0.0005331624787428962,0.5331624787428962,0.5331624787428962,1.1251686517833,0.26160597447620004,76.74962112910131
49168,19.0,-0.0459359620167161,0.001074436491592,4,-0.0454053865087015,0.0002571262822162,3,0.000530575508014601,0.5305755080146011,0.5305755080146011,1.074436491592,0.2571262822162,76.0687314486858
49177,19.0,-0.0138964507470118,0.0010699809374849,4,-0.0133716451113268,0.0002625925537218,3,0.0005248056356850009,0.5248056356850008,0.5248056356850008,1.0699809374848999,0.2625925537218,75.45820261629606
48484,4.0,-0.0004941960924948,0.000586874419176,4,-0.0010171068727979,0.0003314258598398,2,-0.0005229107803030999,-0.5229107803030999,0.5229107803030999,0.586874419176,0.3314258598398,43.52695414716868
49174,19.0,-0.0388188712678456,0.001156201394584,4,-0.0383055809660467,0.0002696425963855,3,0.000513290301798898,0.5132903017988979,0.5132903017988979,1.156201394584,0.26964259638550003,76.67857886622622
49173,19.0,-0.0440594976425477,0.0011328952842913,4,-0.0435626600320623,0.0002700405695205,3,0.0004968376104853983,0.4968376104853983,0.4968376104853983,1.1328952842913,0.27004056952050004,76.16367785576686
49126,18.0,0.4473049146675145,0.001782411496785,4,0.4468656247105799,0.0003459075654042,2,-0.0004392899569345965,-0.4392899569345965,0.4392899569345965,1.782411496785,0.3459075654042,80.5932824138463
49227,23.0,-0.0575172131642227,0.0016944127480783,4,-0.0570940200992637,0.0004807166498035,1,0.0004231930649590057,0.4231930649590057,0.4231930649590057,1.6944127480783,0.48071664980350004,71.62930635710221
48061,3.0,-0.0446470826839422,0.000496060571757,4,-0.0450154528460829,0.0001955139648524,4,-0.00036837016214070345,-0.36837016214070345,0.36837016214070345,0.496060571757,0.19551396485240002,60.58667509898884
48062,3.0,-0.0344546803621947,0.0005123763063118,4,-0.0348191047532901,0.0001992475118704,4,-0.0003644243910954012,-0.3644243910954012,0.3644243910954012,0.5123763063118,0.1992475118704,61.113051205542966
48204,3.0,-0.0527032148379188,0.0006061338768584,4,-0.0530629482767368,0.000203404284066,4,-0.0003597334388179968,-0.3597334388179968,0.3597334388179968,0.6061338768584,0.203404284066,66.44235014214233
48798,5.0,-0.0438184275916791,0.0005684945412331,4,-0.0441013329390906,0.0002549291530629,4,-0.00028290534741149537,-0.28290534741149537,0.28290534741149537,0.5684945412331001,0.25492915306290004,55.157150232270865
49131,18.0,-0.0451166858729417,0.0017884975311422,4,-0.0448349163562748,0.0003318701356828,2,0.00028176951666690486,0.28176951666690486,0.28176951666690486,1.7884975311422,0.3318701356828,81.44419380490531
48063,3.0,-0.0451990825944491,0.0005193185039041,4,-0.0454802992816424,0.0002027135164829,4,-0.0002812166871932961,-0.2812166871932961,0.2812166871932961,0.5193185039041001,0.2027135164829,60.96547398967049
48060,3.0,-0.0111415322294807,0.0004766022425494,4,-0.0114118732914878,0.0001817634244567,4,-0.0002703410620071012,-0.2703410620071012,0.2703410620071012,0.47660224254940003,0.1817634244567,61.862658579945695
48730,6.0,-0.051396714055702,0.0007094404992206,4,-0.0511313279291937,0.000269050011585,3,0.00026538612650830323,0.26538612650830323,0.26538612650830323,0.7094404992205999,0.269050011585,62.07574674964545
49105,16.0,0.3765967527495926,0.0014739487160664,4,0.376336730985609,0.0002747089675383,3,-0.0002600217639835978,-0.2600217639835978,0.2600217639835978,1.4739487160664,0.2747089675383,81.36237953573925
48476,3.0,-0.0952297271873881,0.0006759552566037,4,-0.0954822423616032,0.0002055063987833,4,-0.0002525151742150955,-0.2525151742150955,0.2525151742150955,0.6759552566037,0.2055063987833,69.597632864658
49104,16.0,0.4050194309990703,0.0014069742828366,4,0.4047732239962829,0.0002702763034418,3,-0.0002462070027873797,-0.24620700278737973,0.24620700278737973,1.4069742828365999,0.27027630344180004,80.79024565417812
49109,16.0,0.4334197541096515,0.0013109372829436,4,0.433665151699246,0.0002979879778411,3,0.0002453975895945204,0.2453975895945204,0.2453975895945204,1.3109372829436001,0.29798797784110004,77.26908970259868
55096,27.0,0.4091021339421085,0.0074322104278574,4,0.4088603831359,0.0002544923948117,3,-0.0002417508062084739,-0.2417508062084739,0.2417508062084739,7.432210427857401,0.2544923948117,96.57581822686542
49103,16.0,0.4428436551734896,0.0013051308432206,4,0.4430709751487436,0.0002557486928993,3,0.00022731997525399228,0.22731997525399228,0.22731997525399228,1.3051308432206,0.25574869289929997,80.40436372891142
48727,6.0,-0.0312913037576712,0.0003468943618127,4,-0.031509392727225,0.0002627113126008,3,-0.00021808896955379659,-0.21808896955379659,0.21808896955379659,0.3468943618127,0.2627113126008,24.26763259339259
48799,5.0,-0.0088442672015405,0.0007427732715801,4,-0.0090620550263247,0.0002495498271615,4,-0.0002177878247841998,-0.2177878247841998,0.2177878247841998,0.7427732715801,0.2495498271615,66.4029608078609
48477,3.0,-0.0946568407249939,0.0006085764709027,4,-0.0948741768606535,0.0002018548807574,4,-0.0002173361356595932,-0.2173361356595932,0.2173361356595932,0.6085764709027,0.2018548807574,66.83163243922507
55248,30.0,0.4805340493635204,0.001472412471641,4,0.4807422758863461,0.0002927366888955,3,0.0002082265228257052,0.2082265228257052,0.2082265228257052,1.4724124716409999,0.2927366888955,80.1185676884925
49113,17.0,0.3608159052126128,0.0012145544343986,4,0.3606184579167849,0.0002460842755814,4,-0.00019744729582793497,-0.19744729582793497,0.19744729582793497,1.2145544343986001,0.24608427558140003,79.73871992791732
48479,3.0,-0.0774559736469268,0.0004698338803974,4,-0.0772641491474719,0.0002653190193579,2,0.0001918244994549012,0.1918244994549012,0.1918244994549012,0.46983388039740004,0.26531901935790003,43.52918543603433
48726,6.0,-0.0246317766443458,0.0003450119074324,4,-0.0248235078272332,0.0002492685139765,3,-0.0001917311828874002,-0.1917311828874002,0.1917311828874002,0.3450119074324,0.24926851397650002,27.750750450449164
49184,20.0,-0.0464054377023736,0.0011598504159877,4,-0.0462143106150611,0.0002351060687909,4,0.00019112708731249678,0.19112708731249678,0.19112708731249678,1.1598504159877001,0.23510606879089999,79.72962154859518
48747,6.0,-0.0514401479307613,0.0009286054512515,4,-0.0512528810426845,0.0003377303427683,2,0.00018726688807679803,0.18726688807679803,0.18726688807679803,0.9286054512515001,0.33773034276830005,63.630372585780734
48800,5.0,-0.0545543119016444,0.0006286496228883,4,-0.0547408370423282,0.0003379163988099,2,-0.00018652514068379783,-0.18652514068379783,0.18652514068379783,0.6286496228883,0.3379163988099,46.24725976015708
49125,18.0,0.4010620696919394,0.0013330526754944,4,0.4008825899402196,0.0002122814993176,4,-0.00017947975171983543,-0.17947975171983543,0.17947975171983543,1.3330526754943999,0.2122814993176,84.07553555684741
48728,6.0,-0.0257167457185666,0.0005158507826133,4,-0.0255391003563608,0.0002680661856706,3,0.00017764536220580066,0.17764536220580066,0.17764536220580066,0.5158507826133,0.26806618567060003,48.03416129126009
48837,7.0,-0.0360751313280433,0.0007744750204926,4,-0.0359106438912669,0.0002290703709338,4,0.00016448743677639766,0.16448743677639766,0.16448743677639766,0.7744750204926,0.2290703709338,70.42249719195576
49115,17.0,0.3724826806166685,0.001090432461853,4,0.3726462036368402,0.000274555865199,4,0.0001635230201716964,0.1635230201716964,0.1635230201716964,1.090432461853,0.274555865199,74.82137823259222
49114,17.0,0.4792996888692042,0.0010911006924361,4,0.4791377390372527,0.0002663483027465,4,-0.00016194983195150225,-0.16194983195150225,0.16194983195150225,1.0911006924361,0.26634830274649995,75.58902632974926
49122,17.0,-0.0534096175900094,0.0010013777445574,4,-0.0535698485125958,0.0002795686441954,4,-0.00016023092258640043,-0.16023092258640043,0.16023092258640043,1.0013777445574,0.2795686441954,72.08160000410567
48755,7.0,0.0138714935334453,0.0007359107286121,4,0.0137279390938797,0.0002258342779871,4,-0.0001435544395655998,-0.1435544395655998,0.1435544395655998,0.7359107286121,0.2258342779871,69.31227264303988
48840,8.0,-0.0472351124261064,0.000768324525442,4,-0.0471018288142768,0.0002153627774556,4,0.00013328361182960574,0.13328361182960574,0.13328361182960574,0.768324525442,0.2153627774556,71.96981609669344
49183,20.0,-0.029879907730706,0.0012238283235216,4,-0.0297511789174025,0.0002356664292523,4,0.00012872881330349903,0.12872881330349903,0.12872881330349903,1.2238283235216,0.2356664292523,80.7435058722809
49185,20.0,-0.035533651858712,0.0011103152392143,4,-0.0354081325923486,0.0002354486484015,4,0.00012551926636339417,0.12551926636339417,0.12551926636339417,1.1103152392143,0.2354486484015,78.79443242010151
49120,17.0,0.4115176770532813,0.0014843110410846,4,0.4116412196264283,0.0002940398854727,4,0.00012354257314700634,0.12354257314700634,0.12354257314700634,1.4843110410846,0.2940398854727,80.19014361990851
49110,16.0,0.3884864217713593,0.0013679371426609,4,0.3883648685853405,0.0002857310913424,3,-0.00012155318601880793,-0.12155318601880793,0.12155318601880793,1.3679371426609002,0.2857310913424,79.11226456015382
48842,8.0,-0.0854771946145419,0.0007843134156548,4,-0.0853565611244518,0.000232520735456,4,0.00012063349009010238,0.12063349009010238,0.12063349009010238,0.7843134156548,0.232520735456,70.35359451784012
49188,20.0,-0.0618010363793593,0.0011354297840631,4,-0.0616815435928356,0.000235516520545,4,0.00011949278652369916,0.11949278652369916,0.11949278652369916,1.1354297840630998,0.235516520545,79.25750021263212
49182,20.0,-0.0287334826773496,0.0011115892526602,4,-0.0286207897964524,0.0002340261640158,4,0.00011269288089719998,0.11269288089719998,0.11269288089719998,1.1115892526601998,0.23402616401579998,78.94670504813354
48732,6.0,-0.0380850912708107,0.0003798328301935,4,-0.0381862203288304,0.0002700595958806,3,-0.00010112905801969857,-0.10112905801969857,0.10112905801969857,0.3798328301935,0.27005959588059997,28.900407123043514
48838,7.0,-0.00154749302534,0.000734155147187,4,-0.0014484444853165,0.0002299293412205,4,9.90485400234999e-05,0.09904854002349989,0.09904854002349989,0.734155147187,0.2299293412205,68.681096618133
49132,18.0,-0.0240658687793679,0.0013074475588745,4,-0.023971241791875,0.0002498641735953,4,9.462698749290038e-05,0.09462698749290038,0.09462698749290038,1.3074475588745,0.2498641735953,80.88916286551542
49189,20.0,0.038151819243055,0.0011381847042465,4,0.0380615443344849,0.0002365821506679,4,-9.02749085701024e-05,-0.0902749085701024,0.0902749085701024,1.1381847042465,0.2365821506679,79.21408100238688
48843,8.0,-0.0471101487931367,0.0007463202914104,4,-0.0470252346723229,0.0002328731196887,4,8.491412081380184e-05,0.08491412081380184,0.08491412081380184,0.7463202914104,0.2328731196887,68.79716090143883
49187,20.0,-0.0178884855432099,0.0010881395117018,4,-0.0178105582952225,0.000237495579396,4,7.792724798739992e-05,0.07792724798739992,0.07792724798739992,1.0881395117018,0.23749557939600002,78.17416086430242
48845,8.0,-0.0212487161710728,0.0007138635060489,4,-0.0211799135683463,0.0003269282004119,2,6.88026027265004e-05,0.0688026027265004,0.0688026027265004,0.7138635060488999,0.3269282004119,54.20298171265456
48202,3.0,-0.1120772569897075,0.0007260516117189,4,-0.1121391039479847,0.0002016867302183,4,-6.1846958277198e-05,-0.061846958277197994,0.061846958277197994,0.7260516117189001,0.2016867302183,72.22143344041146
48734,6.0,-0.0468532716936885,0.0004591393409858,4,-0.0467919951260255,0.0002700227945719,3,6.127656766299894e-05,0.06127656766299894,0.06127656766299894,0.4591393409858,0.2700227945719,41.189357899032416
48849,8.0,0.012109158906294,0.0006959186792794,4,0.0121558321508517,0.0002361532583545,4,4.667324455769929e-05,0.04667324455769929,0.04667324455769929,0.6959186792794,0.2361532583545,66.06596928839032
48735,6.0,-0.0494356361882901,0.0004186983157913,4,-0.0494725121922693,0.0002717265833323,3,-3.687600397920404e-05,-0.03687600397920404,0.03687600397920404,0.4186983157913,0.27172658333230004,35.10205962525485
48844,8.0,-0.0515034451103321,0.0007311430876343,4,-0.0515387938669998,0.0002331804598575,4,-3.534875666769827e-05,-0.03534875666769827,0.03534875666769827,0.7311430876342999,0.2331804598575,68.1074110114365
48851,8.0,0.0221939645777007,0.0007236167591165,4,0.0222270754870004,0.000337275110707,2,3.31109092997009e-05,0.0331109092997009,0.0331109092997009,0.7236167591164999,0.337275110707,53.39036769701187
48846,8.0,-0.0191907699054852,0.0007666646737059,4,-0.0191643269127232,0.0002374825570491,4,2.644299276199913e-05,0.02644299276199913,0.02644299276199913,0.7666646737059,0.2374825570491,69.02393377522431
49179,20.0,-0.0115038031691584,0.0010999578670754,4,-0.0115214999222363,0.00021595208229,4,-1.7696753077899724e-05,-0.017696753077899724,0.017696753077899724,1.0999578670754,0.21595208229,80.36724053220513
48850,8.0,-0.0632127804237737,0.0008143354847226,4,-0.0632004846324834,0.000235974876966,4,1.2295791290306557e-05,0.012295791290306557,0.012295791290306557,0.8143354847226,0.235974876966,71.02240030146987
48847,8.0,-0.0463850698084229,0.0007264511261364,4,-0.0463966057926798,0.0002411064757219,4,-1.1535984256898224e-05,-0.011535984256898224,0.011535984256898224,0.7264511261364,0.2411064757219,66.81036520595478
49190,20.0,-0.0215241027975292,0.0011276715810357,4,-0.0215279078697636,0.0002347268691213,4,-3.805072234401574e-06,-0.003805072234401574,0.003805072234401574,1.1276715810357,0.2347268691213,79.18482002484117
48729,6.0,0.1817030804149489,0.0004852203846619,4,0.1817060285080594,0.000268265578722,3,2.9480931104941543e-06,0.0029480931104941543,0.0029480931104941543,0.4852203846619,0.268265578722,44.71263219723825
49180,20.0,-0.0627471307503112,0.0010790786398619,4,-0.0627485414687539,0.000228046728855,4,-1.410718442701464e-06,-0.001410718442701464,0.001410718442701464,1.0790786398619001,0.22804672885500002,78.86653294479211
